{"Increase": {"Decrease": 0.3893129770992366, "No Change": 0.16793893129770993, "Increase": 0.44274809160305345}, "Decrease": {"Decrease": 0.3728813559322034, "Increase": 0.4067796610169492, "No Change": 0.22033898305084745}, "No Change": {"Increase": 0.45454545454545453, "No Change": 0.14545454545454545, "Decrease": 0.4}}